{"nodes":{"node:1":{"location":{"x":370,"y":-66}},"node:4":{"location":{"x":-4,"y":-210}}},"selection":null,"view":{"scroll":{"x":-96.036895751953125,"y":-396.26068115234375},"visible_rect":{"max":{"x":703.963134765625,"y":199.73931884765625},"min":{"x":-96.036895751953125,"y":-396.26068115234375}},"zoom":1}}